Player,Nation,Pos,Age,90s,SCA,SCA90,PassLive,PassDead,TO,Sh,Fld,Def,GCA,GCA90,PassLive,PassDead,TO,Sh,Fld,Def,Matches
Mohamed Salah,eg EGY,FW,32-342,36.5,164,4.5,119,2,22,14,5,2,27,0.74,20,0,5,2,0,0,Matches
Virgil van Dijk,nl NED,DF,33-319,36.0,48,1.33,41,0,1,3,1,2,4,0.11,4,0,0,0,0,0,Matches
Ryan Gravenberch,nl NED,MF,23-007,34.4,66,1.92,58,0,5,2,0,1,6,0.17,6,0,0,0,0,0,Matches
Alexis Mac Allister,ar ARG,MF,26-150,28.9,120,4.15,83,24,2,6,2,3,15,0.52,10,3,0,2,0,0,Matches
Ibrahima Konaté,fr FRA,DF,25-363,27.8,31,1.12,26,0,0,4,0,1,7,0.25,6,0,0,0,0,1,Matches
Dominik Szoboszlai,hu HUN,MF,24-210,27.0,117,4.33,88,7,5,13,3,1,16,0.59,12,1,0,3,0,0,Matches
Andrew Robertson,sct SCO,DF,31-073,26.6,78,2.93,66,9,1,1,0,1,4,0.15,4,0,0,0,0,0,Matches
Trent Alexander-Arnold,eng ENG,DF,26-228,25.8,95,3.68,73,14,4,4,0,0,10,0.39,9,1,0,0,0,0,Matches
Alisson,br BRA,GK,32-233,26.9,6,0.22,6,0,0,0,0,0,1,0.04,1,0,0,0,0,0,Matches
Luis Díaz,co COL,FW,28-130,25.9,117,4.52,88,0,16,9,4,0,16,0.62,13,0,1,0,2,0,Matches
Cody Gakpo,nl NED,FW,26-016,20.5,76,3.71,55,0,9,5,5,2,7,0.34,3,0,3,0,1,0,Matches
Curtis Jones,eng ENG,"MF,DF",24-113,18.0,49,2.72,42,1,0,4,2,0,8,0.44,5,1,0,1,1,0,Matches
Diogo Jota,pt POR,FW,28-170,13.0,35,2.7,22,0,6,5,1,1,9,0.7,5,0,2,1,1,0,Matches
Caoimhín Kelleher,ie IRL,GK,26-181,10.0,3,0.3,3,0,0,0,0,0,1,0.1,1,0,0,0,0,0,Matches
Kostas Tsimikas,gr GRE,DF,29-011,9.3,31,3.33,21,9,0,0,1,0,2,0.21,1,1,0,0,0,0,Matches
Darwin Núñez,uy URU,FW,25-333,12.3,30,2.44,20,0,4,1,2,3,4,0.33,3,0,0,0,1,0,Matches
Conor Bradley,nir NIR,DF,21-318,7.9,19,2.42,13,0,5,0,1,0,4,0.51,3,0,1,0,0,0,Matches
Joe Gomez,eng ENG,DF,28-000,5.8,5,0.87,5,0,0,0,0,0,1,0.17,1,0,0,0,0,0,Matches
Jarell Quansah,eng ENG,DF,22-114,5.5,3,0.55,3,0,0,0,0,0,0,0.0,0,0,0,0,0,0,Matches
Harvey Elliott,eng ENG,"MF,FW",22-049,4.1,21,5.18,17,3,1,0,0,0,3,0.74,3,0,0,0,0,0,Matches
Wataru Endo,jp JPN,"MF,DF",32-103,2.8,6,2.13,6,0,0,0,0,0,0,0.0,0,0,0,0,0,0,Matches
Federico Chiesa,it ITA,FW,27-210,1.2,6,5.0,6,0,0,0,0,0,1,0.83,1,0,0,0,0,0,Matches
Vitezslav Jaros,cz CZE,GK,23-304,0.1,0,0.0,0,0,0,0,0,0,0,0.0,0,0,0,0,0,0,Matches
Jayden Danns,eng ENG,MF,19-127,0.1,0,0.0,0,0,0,0,0,0,0,0.0,0,0,0,0,0,0,Matches
Squad Total,,,28.0,37.0,1126,30.43,861,69,81,71,27,17,146,3.95,111,7,12,9,6,1,
Opponent Total,,,26.9,37.0,647,17.49,482,44,40,37,38,6,65,1.76,44,7,4,5,4,1,
David Raya,es ESP,GK,29-250,37.0,5,0.14,4,1,0,0,0,0,1,0.03,1,0,0,0,0,0,Matches
William Saliba,fr FRA,DF,24-060,33.8,27,0.8,25,0,0,1,0,1,1,0.03,1,0,0,0,0,0,Matches
Declan Rice,eng ENG,MF,26-129,30.4,106,3.49,57,33,4,5,5,2,10,0.33,6,2,1,1,0,0,Matches
Thomas Partey,gh GHA,"MF,DF",31-344,30.1,61,2.03,51,2,1,2,1,4,13,0.43,8,2,0,1,1,1,Matches
Leandro Trossard,be BEL,FW,30-170,28.0,92,3.29,71,2,7,6,4,2,7,0.25,7,0,0,0,0,0,Matches
Gabriel Magalhães,br BRA,DF,27-155,26.3,35,1.33,31,0,0,3,1,0,6,0.23,4,0,0,1,1,0,Matches
Jurriën Timber,nl NED,DF,23-340,26.9,52,1.94,46,1,3,0,1,1,9,0.34,8,0,1,0,0,0,Matches
Martin Ødegaard,no NOR,MF,26-157,25.7,123,4.8,101,13,2,5,2,0,17,0.66,14,2,0,1,0,0,Matches
Gabriel Martinelli,br BRA,"FW,MF",23-339,24.7,67,2.71,51,1,8,4,3,0,6,0.24,3,0,1,1,1,0,Matches
Kai Havertz,de GER,"FW,MF",25-346,20.6,41,1.99,34,0,1,6,0,0,3,0.15,2,0,0,1,0,0,Matches
Bukayo Saka,eng ENG,"FW,MF",23-260,18.9,112,5.93,68,20,11,9,4,0,23,1.22,14,5,2,1,1,0,Matches
Mikel Merino,es ESP,"MF,FW",28-335,16.6,41,2.47,34,0,0,5,2,0,4,0.24,3,0,0,1,0,0,Matches
Myles Lewis-Skelly,eng ENG,DF,18-239,15.0,29,1.94,21,0,1,1,6,0,0,0.0,0,0,0,0,0,0,Matches
Ben White,eng ENG,DF,27-227,12.3,19,1.54,18,1,0,0,0,0,1,0.08,1,0,0,0,0,0,Matches
Riccardo Calafiori,it ITA,DF,23-004,10.9,13,1.19,11,0,1,1,0,0,2,0.18,2,0,0,0,0,0,Matches
Ethan Nwaneri,eng ENG,"FW,MF",18-063,9.1,22,2.41,12,4,3,2,1,0,3,0.33,3,0,0,0,0,0,Matches
Jakub Kiwior,pl POL,DF,25-097,11.5,8,0.7,7,0,1,0,0,0,0,0.0,0,0,0,0,0,0,Matches
Jorginho,it ITA,MF,33-154,7.8,12,1.54,10,0,0,0,2,0,0,0.0,0,0,0,0,0,0,Matches
Gabriel Jesus,br BRA,FW,28-050,6.8,18,2.66,10,0,1,5,1,1,4,0.59,1,0,0,3,0,0,Matches
Raheem Sterling,eng ENG,"FW,MF",30-166,4.9,18,3.71,14,0,2,2,0,0,3,0.62,3,0,0,0,0,0,Matches
Oleksandr Zinchenko,ua UKR,"DF,MF",28-159,5.1,16,3.14,11,1,1,2,1,0,2,0.39,2,0,0,0,0,0,Matches
Kieran Tierney,sct SCO,"DF,FW",27-352,2.2,8,3.65,7,1,0,0,0,0,0,0.0,0,0,0,0,0,0,Matches
Nathan Butler-Oyedeji,eng ENG,FW,22-139,0.1,0,0.0,0,0,0,0,0,0,0,0.0,0,0,0,0,0,0,Matches
Takehiro Tomiyasu,jp JPN,DF,26-199,0.1,1,12.86,1,0,0,0,0,0,0,0.0,0,0,0,0,0,0,Matches
Reiss Nelson,eng ENG,FW,25-164,0.0,0,0.0,0,0,0,0,0,0,0,0.0,0,0,0,0,0,0,Matches
Squad Total,,,26.6,37.0,926,25.03,695,80,47,59,34,11,115,3.11,83,11,5,11,4,1,
Opponent Total,,,27.0,37.0,634,17.14,476,46,29,38,30,15,59,1.59,37,7,2,4,7,2,
Joško Gvardiol,hr CRO,DF,23-120,35.4,73,2.06,66,1,2,3,1,0,7,0.2,6,0,1,0,0,0,Matches
Erling Haaland,no NOR,FW,24-306,29.5,68,2.31,48,0,8,10,2,0,9,0.31,6,0,2,1,0,0,Matches
Bernardo Silva,pt POR,"MF,FW",30-286,28.7,88,3.07,78,2,4,1,3,0,8,0.28,8,0,0,0,0,0,Matches
Ederson,br BRA,GK,31-279,24.8,6,0.24,6,0,0,0,0,0,4,0.16,4,0,0,0,0,0,Matches
Mateo Kovačić,hr CRO,MF,31-017,24.4,73,2.99,59,0,4,5,4,1,8,0.33,6,0,1,1,0,0,Matches
Rúben Dias,pt POR,DF,28-009,24.2,25,1.03,16,0,0,7,0,2,1,0.04,1,0,0,0,0,0,Matches
İlkay Gündoğan,de GER,MF,34-211,23.8,78,3.28,62,8,4,4,0,0,12,0.5,10,1,0,1,0,0,Matches
Manuel Akanji,ch SUI,DF,29-308,21.4,37,1.73,37,0,0,0,0,0,3,0.14,3,0,0,0,0,0,Matches
Rico Lewis,eng ENG,"DF,MF",20-183,21.0,31,1.47,30,0,0,0,1,0,3,0.14,3,0,0,0,0,0,Matches
Sávio,br BRA,"FW,MF",21-043,19.4,111,5.71,80,2,15,4,7,3,15,0.77,10,0,2,1,1,1,Matches
Phil Foden,eng ENG,"MF,FW",24-360,19.6,88,4.48,58,18,3,6,3,0,9,0.46,5,1,0,3,0,0,Matches
Kevin De Bruyne,be BEL,"MF,FW",33-329,18.8,113,5.99,73,26,3,6,3,2,11,0.58,9,1,0,1,0,0,Matches
Matheus Nunes,pt POR,"DF,MF",26-269,17.6,40,2.27,33,1,2,2,2,0,7,0.4,5,0,1,1,0,0,Matches
Jeremy Doku,be BEL,"FW,MF",22-361,16.0,74,4.62,56,1,13,1,2,1,13,0.81,10,0,3,0,0,0,Matches
Omar Marmoush,eg EGY,"FW,MF",26-105,12.2,36,2.96,21,3,1,4,7,0,2,0.16,1,0,0,0,1,0,Matches
Stefan Ortega,de GER,GK,32-198,12.2,0,0.0,0,0,0,0,0,0,0,0.0,0,0,0,0,0,0,Matches
Kyle Walker,eng ENG,DF,34-360,10.8,17,1.58,17,0,0,0,0,0,0,0.0,0,0,0,0,0,0,Matches
Nathan Aké,nl NED,DF,30-094,7.5,8,1.06,8,0,0,0,0,0,0,0.0,0,0,0,0,0,0,Matches
Nicolás González,es ESP,MF,23-140,7.4,15,2.01,13,0,0,1,1,0,3,0.4,2,0,0,0,1,0,Matches
Jack Grealish,eng ENG,"FW,MF",29-255,8.0,47,5.86,41,1,3,0,1,1,2,0.25,1,0,0,0,0,1,Matches
John Stones,eng ENG,"DF,MF",30-360,6.1,8,1.31,8,0,0,0,0,0,2,0.33,2,0,0,0,0,0,Matches
Nico O’Reilly,eng ENG,DF,20-063,5.9,12,2.05,9,1,1,0,1,0,2,0.34,2,0,0,0,0,0,Matches
Abdukodir Khusanov,uz UZB,DF,21-083,5.6,5,0.89,5,0,0,0,0,0,0,0.0,0,0,0,0,0,0,Matches
James Mcatee,eng ENG,"MF,FW",22-217,3.9,4,1.03,3,0,1,0,0,0,1,0.26,0,0,1,0,0,0,Matches
Jahmai Simpson-Pusey,eng ENG,DF,19-200,1.1,0,0.0,0,0,0,0,0,0,0,0.0,0,0,0,0,0,0,Matches
Rodri,es ESP,MF,28-335,0.8,2,2.47,2,0,0,0,0,0,0,0.0,0,0,0,0,0,0,Matches
Divin Mubama,eng ENG,FW,20-210,0.3,0,0.0,0,0,0,0,0,0,0,0.0,0,0,0,0,0,0,Matches
Oscar Bobb,no NOR,FW,21-315,0.2,2,11.25,1,0,1,0,0,0,0,0.0,0,0,0,0,0,0,Matches
Vitor Reis,br BRA,DF,19-131,0.0,0,0.0,0,0,0,0,0,0,0,0.0,0,0,0,0,0,0,Matches
Squad Total,,,27.6,37.0,1061,28.68,830,64,65,54,38,10,122,3.3,94,3,11,9,3,2,
Opponent Total,,,26.9,37.0,603,16.3,465,51,27,29,19,12,76,2.05,59,5,5,1,5,1,
Bruno Guimarães,br BRA,MF,27-188,35.3,129,3.65,116,3,3,0,4,3,18,0.51,17,1,0,0,0,0,Matches
Dan Burn,eng ENG,DF,33-014,36.0,24,0.67,18,1,0,4,1,0,4,0.11,3,1,0,0,0,0,Matches
Alexander Isak,se SWE,FW,25-244,29.6,91,3.07,70,1,8,8,2,2,14,0.47,11,0,1,0,1,1,Matches
Fabian Schär,ch SUI,DF,33-154,31.6,34,1.08,25,1,1,2,2,3,4,0.13,2,0,0,2,0,0,Matches
Valentino Livramento,eng ENG,DF,22-192,30.6,43,1.41,41,0,0,1,1,0,2,0.07,2,0,0,0,0,0,Matches
Jacob Murphy,eng ENG,FW,30-088,25.5,82,3.22,65,5,4,3,3,2,15,0.59,14,0,0,0,1,0,Matches
Joelinton,br BRA,"MF,FW",28-282,26.6,61,2.29,46,2,1,5,1,6,9,0.34,7,0,0,1,0,1,Matches
Sandro Tonali,it ITA,MF,25-015,28.2,73,2.58,50,6,3,5,6,3,9,0.32,8,1,0,0,0,0,Matches
Nick Pope,eng ENG,GK,33-034,27.0,7,0.26,6,1,0,0,0,0,0,0.0,0,0,0,0,0,0,Matches
Anthony Gordon,eng ENG,"FW,MF",24-088,26.5,100,3.77,72,10,7,3,8,0,12,0.45,9,1,1,0,1,0,Matches
Lewis Hall,eng ENG,DF,20-257,24.3,63,2.59,44,18,0,0,1,0,6,0.25,5,1,0,0,0,0,Matches
Harvey Barnes,eng ENG,FW,27-165,18.5,61,3.28,43,1,7,5,5,0,9,0.48,6,0,1,1,1,0,Matches
Kieran Trippier,eng ENG,DF,34-246,14.2,50,3.51,30,18,0,2,0,0,6,0.42,4,2,0,0,0,0,Matches
Joe Willock,eng ENG,"MF,FW",25-276,11.6,44,3.81,35,0,3,3,1,2,4,0.35,4,0,0,0,0,0,Matches
Martin Dúbravka,sk SVK,GK,36-128,10.0,0,0.0,0,0,0,0,0,0,0,0.0,0,0,0,0,0,0,Matches
Sean Longstaff,eng ENG,MF,27-205,8.9,14,1.58,12,0,1,1,0,0,2,0.23,1,0,0,1,0,0,Matches
Sven Botman,nl NED,DF,25-131,3.9,2,0.51,1,0,0,1,0,0,0,0.0,0,0,0,0,0,0,Matches
Lloyd Kelly,eng ENG,DF,26-229,3.4,2,0.59,2,0,0,0,0,0,1,0.3,1,0,0,0,0,0,Matches
Callum Wilson,eng ENG,FW,33-085,3.9,8,2.06,5,0,0,1,1,1,0,0.0,0,0,0,0,0,0,Matches
Emil Krafth,se SWE,DF,30-294,3.8,3,0.79,2,0,0,1,0,0,0,0.0,0,0,0,0,0,0,Matches
Lewis Miley,eng ENG,MF,19-022,3.5,4,1.15,3,0,0,0,0,1,0,0.0,0,0,0,0,0,0,Matches
Miguel Almirón,py PAR,FW,31-102,1.7,8,4.59,6,0,1,1,0,0,0,0.0,0,0,0,0,0,0,Matches
William Osula,dk DEN,FW,21-292,1.5,3,2.06,2,0,0,0,0,1,0,0.0,0,0,0,0,0,0,Matches
Matt Targett,eng ENG,DF,29-247,0.2,0,0.0,0,0,0,0,0,0,0,0.0,0,0,0,0,0,0,Matches
Squad Total,,,28.2,37.0,906,24.49,694,67,39,46,36,24,115,3.11,94,7,3,5,4,2,
Opponent Total,,,27.0,37.0,809,21.86,603,62,47,51,32,14,77,2.08,61,5,4,1,4,2,
Moisés Caicedo,ec ECU,"MF,DF",23-202,36.2,96,2.65,84,0,2,0,3,7,9,0.25,6,0,0,0,2,1,Matches
Cole Palmer,eng ENG,MF,23-017,34.5,200,5.81,132,21,16,21,8,2,15,0.44,11,0,2,1,1,0,Matches
Levi Colwill,eng ENG,DF,22-086,34.0,38,1.12,34,2,0,1,0,1,3,0.09,2,0,0,0,0,1,Matches
Marc Cucurella,es ESP,DF,26-305,32.2,50,1.55,44,3,0,2,1,0,5,0.16,4,1,0,0,0,0,Matches
Enzo Fernández,ar ARG,MF,24-126,31.7,146,4.6,115,16,2,4,4,5,16,0.5,13,2,0,1,0,0,Matches
Robert Sánchez,es ESP,GK,27-186,31.0,7,0.23,6,1,0,0,0,0,2,0.06,1,1,0,0,0,0,Matches
Nicolas Jackson,sn SEN,FW,23-337,24.7,69,2.8,42,0,9,7,9,2,10,0.41,7,0,2,1,0,0,Matches
Noni Madueke,eng ENG,FW,23-074,21.6,78,3.6,56,0,10,7,4,1,8,0.37,5,0,0,1,1,1,Matches
Pedro Neto,pt POR,FW,25-075,24.4,89,3.65,64,9,6,6,4,0,8,0.33,5,1,2,0,0,0,Matches
Malo Gusto,fr FRA,DF,22-004,20.5,58,2.82,57,0,0,1,0,0,4,0.19,4,0,0,0,0,0,Matches
Jadon Sancho,eng ENG,FW,25-059,18.9,68,3.59,61,0,3,1,3,0,10,0.53,9,0,0,0,1,0,Matches
Tosin Adarabioyo,eng ENG,DF,27-241,14.7,14,0.96,7,0,0,6,0,1,1,0.07,0,0,0,1,0,0,Matches
Wesley Fofana,fr FRA,DF,24-157,13.0,15,1.15,12,1,1,1,0,0,0,0.0,0,0,0,0,0,0,Matches
Reece James,eng ENG,"DF,MF",25-166,10.8,18,1.66,11,5,1,1,0,0,3,0.28,1,0,1,1,0,0,Matches
Trevoh Chalobah,eng ENG,DF,25-322,10.1,13,1.29,10,0,0,2,0,1,3,0.3,1,0,0,1,0,1,Matches
Roméo Lavia,be BEL,MF,21-137,8.5,14,1.64,13,0,0,0,0,1,2,0.23,2,0,0,0,0,0,Matches
Christopher Nkunku,fr FRA,FW,27-190,10.2,34,3.32,21,0,5,5,1,2,4,0.39,1,0,1,1,1,0,Matches
Filip Jørgensen,dk DEN,GK,23-037,6.0,1,0.17,1,0,0,0,0,0,0,0.0,0,0,0,0,0,0,Matches
Axel Disasi,fr FRA,DF,27-073,4.0,2,0.49,2,0,0,0,0,0,0,0.0,0,0,0,0,0,0,Matches
João Félix,pt POR,"FW,MF",25-194,4.1,18,4.38,12,0,2,3,1,0,3,0.73,1,0,1,0,1,0,Matches
Benoît Badiashile,fr FRA,DF,24-058,3.7,0,0.0,0,0,0,0,0,0,0,0.0,0,0,0,0,0,0,Matches
Kiernan Dewsbury-Hall,eng ENG,"MF,FW",26-259,2.9,5,1.73,5,0,0,0,0,0,1,0.35,1,0,0,0,0,0,Matches
Joshua Acheampong,eng ENG,DF,19-018,1.9,2,1.06,2,0,0,0,0,0,0,0.0,0,0,0,0,0,0,Matches
Tyrique George,eng ENG,FW,19-108,2.0,7,3.44,6,0,1,0,0,0,1,0.49,1,0,0,0,0,0,Matches
Renato Veiga,pt POR,"DF,MF",21-298,2.0,1,0.49,0,0,0,1,0,0,0,0.0,0,0,0,0,0,0,Matches
Mykhailo Mudryk,ua UKR,FW,24-138,1.7,6,3.6,4,1,0,0,1,0,0,0.0,0,0,0,0,0,0,Matches
Marc Guiu,es ESP,FW,19-139,0.8,1,1.22,1,0,0,0,0,0,0,0.0,0,0,0,0,0,0,Matches
Mathis Amougou,fr FRA,MF,19-125,0.1,0,0.0,0,0,0,0,0,0,0,0.0,0,0,0,0,0,0,Matches
Shumaira Mheuka,eng ENG,MF,17-215,0.0,0,0.0,0,0,0,0,0,0,0,0.0,0,0,0,0,0,0,Matches
Squad Total,,,24.5,37.0,1050,28.38,802,59,58,69,39,23,108,2.92,75,5,9,8,7,4,
Opponent Total,,,27.3,37.0,681,18.41,503,53,40,30,39,16,73,1.97,48,5,9,4,5,2,
Emiliano Martínez,ar ARG,GK,32-263,35.0,6,0.17,5,1,0,0,0,0,1,0.03,1,0,0,0,0,0,Matches
Morgan Rogers,eng ENG,"FW,MF",22-301,33.7,105,3.12,80,0,13,7,5,0,16,0.48,14,0,1,0,1,0,Matches
Youri Tielemans,be BEL,MF,28-016,33.3,119,3.57,78,31,3,4,2,1,12,0.36,9,3,0,0,0,0,Matches
Ezri Konsa,eng ENG,DF,27-212,31.6,24,0.76,19,2,1,2,0,0,3,0.09,3,0,0,0,0,0,Matches
Ollie Watkins,eng ENG,FW,29-144,27.9,53,1.9,36,0,4,7,6,0,12,0.43,8,0,1,1,2,0,Matches
Lucas Digne,fr FRA,DF,31-307,26.1,66,2.53,42,18,1,4,0,1,5,0.19,5,0,0,0,0,0,Matches
John McGinn,sct SCO,"MF,FW",30-217,24.0,76,3.16,56,9,1,4,5,1,8,0.33,6,2,0,0,0,0,Matches
Matty Cash,pl POL,DF,27-289,22.0,24,1.09,21,1,1,0,0,1,4,0.18,3,0,0,0,0,1,Matches
Pau Torres,es ESP,DF,28-127,21.4,13,0.61,10,0,0,3,0,0,2,0.09,1,0,0,1,0,0,Matches
Boubacar Kamara,fr FRA,MF,25-181,18.3,27,1.48,20,1,1,2,1,2,2,0.11,2,0,0,0,0,0,Matches
Jacob Ramsey,eng ENG,"FW,MF",23-360,17.7,51,2.88,40,0,4,1,6,0,8,0.45,7,0,0,0,1,0,Matches
Amadou Onana,be BEL,MF,23-280,17.3,31,1.79,24,2,1,4,0,0,4,0.23,2,1,0,1,0,0,Matches
Leon Bailey,jm JAM,"FW,MF",27-287,12.7,38,3.01,23,1,8,3,3,0,4,0.32,4,0,0,0,0,0,Matches
Tyrone Mings,eng ENG,DF,32-071,12.4,18,1.45,15,0,0,1,1,1,2,0.16,1,0,0,1,0,0,Matches
Ian Maatsen,nl NED,DF,23-074,11.7,52,4.46,38,3,5,5,0,1,7,0.6,6,0,1,0,0,0,Matches
Diego Carlos,br BRA,DF,32-069,9.2,4,0.43,3,0,0,1,0,0,0,0.0,0,0,0,0,0,0,Matches
Marco Asensio,es ESP,MF,29-122,7.8,34,4.38,21,7,1,1,3,1,3,0.39,2,0,0,1,0,0,Matches
Axel Disasi,fr FRA,DF,27-073,5.4,9,1.65,7,0,1,0,0,1,0,0.0,0,0,0,0,0,0,Matches
Lamare Bogarde,nl NED,"DF,MF",21-138,5.3,10,1.89,8,1,0,0,0,1,1,0.19,1,0,0,0,0,0,Matches
Andrés García,es ESP,"DF,MF",22-105,3.5,3,0.85,3,0,0,0,0,0,0,0.0,0,0,0,0,0,0,Matches
Jáder Durán,co COL,FW,21-161,7.1,18,2.54,9,0,0,4,3,2,1,0.14,0,0,0,0,0,1,Matches
Marcus Rashford,eng ENG,FW,27-204,4.9,27,5.49,14,5,3,2,3,0,3,0.61,2,0,0,1,0,0,Matches
Ross Barkley,eng ENG,MF,31-169,6.4,18,2.82,15,1,2,0,0,0,3,0.47,3,0,0,0,0,0,Matches
Jaden Philogene Bidace,eng ENG,"FW,MF",23-104,3.7,5,1.36,3,0,0,0,1,1,0,0.0,0,0,0,0,0,0,Matches
Donyell Malen,nl NED,FW,26-134,3.3,5,1.51,4,0,1,0,0,0,0,0.0,0,0,0,0,0,0,Matches
Robin Olsen,se SWE,GK,35-135,2.0,2,1.0,0,2,0,0,0,0,1,0.5,0,1,0,0,0,0,Matches
Kosta Nedeljković,rs SRB,DF,19-158,1.4,0,0.0,0,0,0,0,0,0,0,0.0,0,0,0,0,0,0,Matches
Emi Buendía,ar ARG,"MF,FW",28-149,1.1,3,2.76,2,0,0,1,0,0,0,0.0,0,0,0,0,0,0,Matches
Squad Total,,,27.8,37.0,841,22.73,596,85,51,56,39,14,102,2.76,80,7,3,6,4,2,
Opponent Total,,,27.1,37.0,771,20.84,598,48,38,44,27,16,82,2.22,63,3,5,4,4,3,
Matz Sels,be BEL,GK,33-086,37.0,5,0.14,2,3,0,0,0,0,0,0.0,0,0,0,0,0,0,Matches
Nikola Milenković,rs SRB,DF,27-223,36.0,19,0.53,15,0,0,3,0,1,3,0.08,3,0,0,0,0,0,Matches
Murillo,br BRA,DF,22-323,34.4,41,1.19,28,7,0,3,1,2,2,0.06,1,1,0,0,0,0,Matches
Ola Aina,ng NGA,DF,28-227,32.4,61,1.88,48,5,3,1,3,1,4,0.12,3,0,0,0,0,1,Matches
Chris Wood,nz NZL,FW,33-167,31.9,44,1.38,36,0,2,4,0,2,5,0.16,4,0,0,0,0,1,Matches
Morgan Gibbs-White,eng ENG,MF,25-116,30.1,112,3.71,92,0,3,8,4,5,19,0.63,13,0,0,4,1,1,Matches
Elliot Anderson,eng ENG,MF,22-198,29.3,83,2.83,41,19,7,7,4,5,10,0.34,4,3,0,1,1,1,Matches
Anthony Elanga,se SWE,"FW,MF",23-026,26.8,100,3.74,55,22,5,7,11,0,18,0.67,10,4,1,0,3,0,Matches
Neco Williams,wls WAL,DF,24-040,27.8,51,1.83,37,6,0,5,3,0,6,0.22,4,1,0,1,0,0,Matches
Callum Hudson-Odoi,eng ENG,"FW,MF",24-197,24.0,94,3.92,74,3,10,3,4,0,11,0.46,7,0,2,0,2,0,Matches
Nicolás Domínguez,ar ARG,"MF,FW",26-329,21.1,37,1.76,28,1,0,3,3,2,0,0.0,0,0,0,0,0,0,Matches
Ryan Yates,eng ENG,MF,27-183,21.0,38,1.81,26,1,1,6,2,2,3,0.14,2,0,0,1,0,0,Matches
Álex Moreno,es ESP,"DF,MF",31-349,10.6,16,1.51,15,1,0,0,0,0,2,0.19,2,0,0,0,0,0,Matches
Morato,br BRA,DF,23-327,10.1,3,0.3,3,0,0,0,0,0,0,0.0,0,0,0,0,0,0,Matches
Ibrahim Sangaré,ci CIV,MF,27-172,5.9,8,1.35,7,0,0,1,0,0,0,0.0,0,0,0,0,0,0,Matches
Jota Silva,pt POR,"FW,MF",25-295,9.4,29,3.09,22,0,1,3,3,0,3,0.32,2,0,0,0,1,0,Matches
James Ward-Prowse,eng ENG,MF,30-203,4.4,10,2.25,6,4,0,0,0,0,2,0.45,1,1,0,0,0,0,Matches
Danilo,br BRA,"MF,FW",24-024,3.1,7,2.31,7,0,0,0,0,0,2,0.66,2,0,0,0,0,0,Matches
Taiwo Awoniyi,ng NGA,FW,27-284,4.6,9,1.95,5,0,1,2,1,0,1,0.22,0,0,0,1,0,0,Matches
Ramón Sosa,py PAR,"FW,MF",25-265,3.3,14,4.23,11,0,2,1,0,0,0,0.0,0,0,0,0,0,0,Matches
Willy Boly,ci CIV,DF,34-109,1.7,0,0.0,0,0,0,0,0,0,0,0.0,0,0,0,0,0,0,Matches
Harry Toffolo,eng ENG,DF,29-277,1.5,0,0.0,0,0,0,0,0,0,0,0.0,0,0,0,0,0,0,Matches
Eric da Silva Moreira,de GER,"MF,DF",19-020,0.3,0,0.0,0,0,0,0,0,0,0,0.0,0,0,0,0,0,0,Matches
Squad Total,,,27.0,37.0,781,21.11,558,72,35,57,39,20,91,2.46,58,10,3,8,8,4,
Opponent Total,,,27.1,37.0,930,25.14,689,88,67,50,26,10,79,2.14,55,4,9,7,3,1,
Bart Verbruggen,nl NED,GK,22-278,35.0,5,0.14,5,0,0,0,0,0,1,0.03,1,0,0,0,0,0,Matches
Jan Paul van Hecke,nl NED,DF,24-349,31.9,51,1.6,45,2,0,3,1,0,3,0.09,3,0,0,0,0,0,Matches
Carlos Baleba,cm CMR,MF,21-140,28.6,64,2.24,54,0,2,4,1,3,4,0.14,2,0,0,0,1,1,Matches
Kaoru Mitoma,jp JPN,"FW,MF",28-003,28.4,85,2.99,71,0,6,3,4,1,9,0.32,8,0,0,0,1,0,Matches
Pervis Estupiñán,ec ECU,DF,27-122,26.7,58,2.17,39,13,0,2,4,0,4,0.15,3,0,0,0,1,0,Matches
Danny Welbeck,eng ENG,FW,34-178,23.5,53,2.26,39,1,3,4,6,0,8,0.34,7,0,0,1,0,0,Matches
Lewis Dunk,eng ENG,DF,33-183,23.1,19,0.82,17,0,0,2,0,0,3,0.13,2,0,0,1,0,0,Matches
João Pedro,br BRA,"FW,MF",23-239,21.6,72,3.32,56,0,3,2,10,1,9,0.42,6,0,0,0,3,0,Matches
Yasin Ayari,se SWE,MF,21-229,21.3,60,2.81,36,12,3,3,4,2,6,0.28,4,2,0,0,0,0,Matches
Jack Hinshelwood,eng ENG,"DF,MF",20-042,19.5,34,1.75,28,4,0,1,1,0,3,0.15,3,0,0,0,0,0,Matches
Yankuba Minteh,gm GAM,"FW,MF",20-305,19.4,57,2.94,34,8,11,2,1,1,11,0.57,5,0,5,1,0,0,Matches
Joël Veltman,nl NED,DF,33-128,18.5,22,1.19,15,2,2,1,2,0,1,0.05,0,1,0,0,0,0,Matches
Georginio Rutter,fr FRA,"MF,FW",23-033,18.4,64,3.47,37,0,9,7,9,2,8,0.43,3,0,3,1,1,0,Matches
Simon Adingra,ci CIV,"FW,MF",23-142,11.7,45,3.85,31,0,6,8,0,0,7,0.6,5,0,1,1,0,0,Matches
Matt O'Riley,dk DEN,MF,24-183,10.3,39,3.81,23,10,1,2,1,2,5,0.49,4,0,0,0,1,0,Matches
Tariq Lamptey,gh GHA,DF,24-235,9.6,17,1.78,14,1,0,0,1,1,3,0.31,2,0,0,0,0,1,Matches
Adam Webster,eng ENG,DF,30-139,8.9,12,1.36,10,2,0,0,0,0,3,0.34,2,1,0,0,0,0,Matches
Mats Wieffer,nl NED,"MF,DF",25-188,10.3,29,2.82,25,0,0,2,2,0,6,0.58,5,0,0,0,1,0,Matches
Igor,br BRA,DF,27-105,10.0,11,1.1,10,0,0,0,1,0,0,0.0,0,0,0,0,0,0,Matches
Brajan Gruda,de GER,"MF,FW",20-357,6.8,35,5.14,27,4,3,0,1,0,5,0.73,4,1,0,0,0,0,Matches
Ferdi Kadioglu,tr TUR,"DF,MF",25-228,4.3,13,3.03,11,0,0,0,1,1,2,0.47,2,0,0,0,0,0,Matches
Diego Gómez,py PAR,MF,22-057,5.2,14,2.68,12,1,0,1,0,0,3,0.57,2,1,0,0,0,0,Matches
James Milner,eng ENG,MF,39-139,1.9,8,4.26,5,2,0,0,1,0,0,0.0,0,0,0,0,0,0,Matches
Julio Enciso,py PAR,"MF,FW",21-120,3.3,12,3.69,5,1,3,1,2,0,0,0.0,0,0,0,0,0,0,Matches
Evan Ferguson,ie IRL,FW,20-216,2.7,4,1.47,3,0,1,0,0,0,0,0.0,0,0,0,0,0,0,Matches
Jason Steele,eng ENG,GK,34-278,2.0,0,0.0,0,0,0,0,0,0,0,0.0,0,0,0,0,0,0,Matches
Solly March,eng ENG,"FW,MF",30-307,1.9,7,3.77,6,1,0,0,0,0,2,1.08,2,0,0,0,0,0,Matches
Billy Gilmour,sct SCO,MF,23-346,1.1,3,2.76,3,0,0,0,0,0,0,0.0,0,0,0,0,0,0,Matches
Eiran Cashin,ie IRL,DF,23-195,0.2,1,4.5,1,0,0,0,0,0,0,0.0,0,0,0,0,0,0,Matches
Jakub Moder,pl POL,MF,26-046,0.1,4,32.73,4,0,0,0,0,0,0,0.0,0,0,0,0,0,0,Matches
Jeremy Sarmiento,ec ECU,MF,22-341,0.1,0,0.0,0,0,0,0,0,0,0,0.0,0,0,0,0,0,0,Matches
Harry Howell,eng ENG,FW,16-236,0.1,0,0.0,0,0,0,0,0,0,0,0.0,0,0,0,0,0,0,Matches
Squad Total,,,25.7,37.0,898,24.27,666,64,53,48,53,14,106,2.86,75,6,9,5,9,2,
Opponent Total,,,27.0,37.0,739,19.97,535,69,48,44,34,9,95,2.57,63,6,7,9,9,1,
Nathan Collins,ie IRL,DF,24-023,37.0,30,0.81,22,2,1,3,2,0,8,0.22,4,1,0,1,2,0,Matches
Bryan Mbeumo,cm CMR,FW,25-289,36.9,141,3.82,96,23,10,8,4,0,20,0.54,11,3,2,3,1,0,Matches
Mark Flekken,nl NED,GK,31-344,35.4,10,0.28,6,4,0,0,0,0,2,0.06,0,2,0,0,0,0,Matches
Keane Lewis-Potter,eng ENG,"DF,FW",24-090,33.4,70,2.1,55,0,5,3,6,1,8,0.24,6,0,0,0,2,0,Matches
Mikkel Damsgaard,dk DEN,"MF,FW",24-324,31.5,117,3.72,89,14,6,2,1,5,21,0.67,15,3,1,0,1,1,Matches
Yoane Wissa,cd COD,FW,28-262,31.4,66,2.1,38,1,4,12,10,1,9,0.29,8,0,0,0,1,0,Matches
Christian Nørgaard,dk DEN,MF,31-074,30.3,54,1.78,44,0,0,7,2,1,12,0.4,10,0,0,1,1,0,Matches
Sepp van den Berg,nl NED,DF,23-154,27.7,22,0.79,19,0,0,2,1,0,2,0.07,1,0,0,0,1,0,Matches
Vitaly Janelt,de GER,MF,27-013,25.0,32,1.28,31,1,0,0,0,0,3,0.12,3,0,0,0,0,0,Matches
Kevin Schade,de GER,FW,23-177,24.6,55,2.24,33,6,6,4,5,1,9,0.37,5,0,1,3,0,0,Matches
Ethan Pinnock,jm JAM,DF,31-359,21.3,21,0.99,13,5,0,2,1,0,0,0.0,0,0,0,0,0,0,Matches
Kristoffer Ajer,no NOR,DF,27-036,15.9,18,1.13,15,0,1,2,0,0,2,0.13,2,0,0,0,0,0,Matches
Yehor Yarmoliuk,ua UKR,MF,21-083,15.1,25,1.66,20,0,2,1,1,1,2,0.13,2,0,0,0,0,0,Matches
Mads Roerslev,dk DEN,DF,25-333,12.2,21,1.72,18,0,1,1,1,0,2,0.16,2,0,0,0,0,0,Matches
Mathias Jensen,dk DEN,MF,29-142,9.5,40,4.23,29,10,1,0,0,0,5,0.53,2,2,1,0,0,0,Matches
Michael Kayode,it ITA,DF,20-317,4.9,17,3.45,9,5,1,1,1,0,3,0.61,3,0,0,0,0,0,Matches
Fabio Carvalho,pt POR,"FW,MF",22-266,5.1,10,1.97,7,0,1,2,0,0,1,0.2,1,0,0,0,0,0,Matches
Ben Mee,eng ENG,DF,35-244,2.0,0,0.0,0,0,0,0,0,0,0,0.0,0,0,0,0,0,0,Matches
Thiago,br BRA,"FW,MF",23-331,1.8,3,1.66,2,0,0,0,0,1,0,0.0,0,0,0,0,0,0,Matches
Hákon Rafn Valdimarsson,is ISL,GK,23-222,1.6,2,1.24,2,0,0,0,0,0,0,0.0,0,0,0,0,0,0,Matches
Edmond-Paris Maghoma,eng ENG,"MF,FW",24-015,1.3,4,3.03,4,0,0,0,0,0,1,0.76,1,0,0,0,0,0,Matches
Rico Henry,eng ENG,DF,27-319,1.1,2,1.84,2,0,0,0,0,0,1,0.92,1,0,0,0,0,0,Matches
Yunus Emre Konak,tr TUR,"FW,MF",19-133,0.5,0,0.0,0,0,0,0,0,0,0,0.0,0,0,0,0,0,0,Matches
Kim Jisoo,kr KOR,DF,20-150,0.3,0,0.0,0,0,0,0,0,0,0,0.0,0,0,0,0,0,0,Matches
Frank Onyeka,ng NGA,MF,27-142,0.3,0,0.0,0,0,0,0,0,0,0,0.0,0,0,0,0,0,0,Matches
Gustavo Nunes,br BRA,"FW,MF",19-184,0.1,0,0.0,0,0,0,0,0,0,0,0.0,0,0,0,0,0,0,Matches
Jayden Meghoma,eng ENG,DF,18-329,0.1,0,0.0,0,0,0,0,0,0,0,0.0,0,0,0,0,0,0,Matches
Ryan Trevitt,eng ENG,MF,22-072,0.0,0,0.0,0,0,0,0,0,0,0,0.0,0,0,0,0,0,0,Matches
Squad Total,,,26.6,37.0,760,20.54,554,71,39,50,35,11,111,3.0,77,11,5,8,9,1,
Opponent Total,,,27.2,37.0,1118,30.22,884,65,55,69,30,15,94,2.54,84,0,3,5,1,1,
Bernd Leno,de GER,GK,33-080,37.0,5,0.14,5,0,0,0,0,0,2,0.05,2,0,0,0,0,0,Matches
Alex Iwobi,ng NGA,"FW,MF",29-020,32.8,121,3.69,105,0,8,6,2,0,16,0.49,13,0,2,1,0,0,Matches
Antonee Robinson,us USA,DF,27-288,34.2,79,2.31,74,1,1,2,0,1,11,0.32,11,0,0,0,0,0,Matches
Calvin Bassey,ng NGA,DF,25-143,34.2,23,0.67,19,1,2,0,0,1,3,0.09,2,0,0,0,0,1,Matches
Raúl Jiménez,mx MEX,FW,34-018,26.7,65,2.43,47,1,2,9,5,1,7,0.26,4,0,0,1,1,1,Matches
Joachim Andersen,dk DEN,DF,28-357,27.7,32,1.16,24,1,0,7,0,0,2,0.07,1,1,0,0,0,0,Matches
Saša Lukić,rs SRB,MF,28-283,25.1,55,2.19,36,12,0,5,1,1,4,0.16,3,0,0,1,0,0,Matches
Sander Berge,no NOR,MF,27-098,24.7,45,1.83,40,1,1,1,0,2,2,0.08,2,0,0,0,0,0,Matches
Emile Smith Rowe,eng ENG,MF,24-299,22.4,71,3.17,55,0,3,8,2,3,12,0.54,10,0,1,0,0,1,Matches
Andreas Pereira,br BRA,MF,29-142,21.7,103,4.75,53,41,0,4,4,1,8,0.37,4,2,0,0,2,0,Matches
Kenny Tete,nl NED,DF,29-226,18.7,36,1.92,28,0,2,3,2,1,4,0.21,4,0,0,0,0,0,Matches
Adama Traoré,es ESP,"FW,MF",29-118,18.9,81,4.29,65,0,9,4,1,2,10,0.53,9,0,1,0,0,0,Matches
Timothy Castagne,be BEL,DF,29-169,18.3,25,1.36,21,0,1,2,1,0,3,0.16,2,0,0,1,0,0,Matches
Issa Diop,fr FRA,DF,28-134,14.9,6,0.4,5,0,0,1,0,0,0,0.0,0,0,0,0,0,0,Matches
Harry Wilson,wls WAL,"FW,MF",28-062,12.2,41,3.35,29,6,0,3,2,1,3,0.25,2,0,0,0,1,0,Matches
Rodrigo Muniz,br BRA,FW,24-019,10.7,17,1.59,10,0,2,2,2,1,2,0.19,1,0,1,0,0,0,Matches
Ryan Sessegnon,eng ENG,"FW,DF",25-005,6.3,20,3.19,17,0,0,2,1,0,4,0.64,4,0,0,0,0,0,Matches
Reiss Nelson,eng ENG,FW,25-164,5.4,31,5.73,21,2,3,4,0,1,1,0.18,1,0,0,0,0,0,Matches
Jorge Cuenca,es ESP,DF,25-187,2.9,1,0.35,1,0,0,0,0,0,0,0.0,0,0,0,0,0,0,Matches
Tom Cairney,sct SCO,MF,34-123,6.2,31,5.0,27,2,0,1,1,0,3,0.48,3,0,0,0,0,0,Matches
Willian,br BRA,"FW,MF",36-287,2.9,17,5.93,11,4,0,2,0,0,0,0.0,0,0,0,0,0,0,Matches
Joshua King,eng ENG,MF,18-140,1.3,8,6.37,6,0,1,1,0,0,2,1.59,2,0,0,0,0,0,Matches
Harrison Reed,eng ENG,MF,30-116,1.2,1,0.89,0,1,0,0,0,0,0,0.0,0,0,0,0,0,0,Matches
Martial Godo,eng ENG,"FW,DF",22-070,0.3,1,3.91,1,0,0,0,0,0,0,0.0,0,0,0,0,0,0,Matches
Carlos Vinícius,br BRA,"MF,FW",30-059,0.2,2,11.25,0,0,1,0,1,0,0,0.0,0,0,0,0,0,0,Matches
Jay Stansfield,eng ENG,MF,22-180,0.0,0,0.0,0,0,0,0,0,0,0,0.0,0,0,0,0,0,0,Matches
Squad Total,,,28.8,37.0,917,24.78,700,73,36,67,25,16,99,2.68,80,3,5,4,4,3,
Opponent Total,,,27.0,37.0,721,19.49,497,71,52,39,53,9,87,2.35,63,7,5,6,4,2,
Milos Kerkez,hu HUN,DF,21-197,36.1,78,2.16,63,4,1,2,5,3,9,0.25,7,0,1,0,0,1,Matches
Antoine Semenyo,gh GHA,FW,25-136,34.6,128,3.7,82,4,20,15,5,2,13,0.38,7,1,2,1,2,0,Matches
Illia Zabarnyi,ua UKR,DF,22-264,33.5,28,0.83,25,1,0,0,0,2,0,0.0,0,0,0,0,0,0,Matches
Lewis Cook,eng ENG,"MF,DF",28-109,33.1,89,2.69,69,18,0,2,0,0,5,0.15,2,1,0,2,0,0,Matches
Kepa Arrizabalaga,es ESP,GK,30-232,30.0,4,0.13,2,2,0,0,0,0,0,0.0,0,0,0,0,0,0,Matches
Justin Kluivert,nl NED,"MF,FW",26-018,25.0,99,3.96,71,8,7,7,5,1,11,0.44,10,0,0,0,1,0,Matches
Evanilson,br BRA,FW,25-229,24.8,58,2.34,37,0,3,9,9,0,8,0.32,2,0,1,1,4,0,Matches
Ryan Christie,sct SCO,MF,30-090,23.5,85,3.62,72,7,0,3,2,1,9,0.38,8,1,0,0,0,0,Matches
Dean Huijsen,es ESP,DF,20-039,26.8,43,1.6,40,1,0,1,1,0,3,0.11,3,0,0,0,0,0,Matches
Dango Ouattara,bf BFA,FW,23-101,22.3,72,3.23,57,0,3,10,1,1,6,0.27,4,0,1,1,0,0,Matches
Tyler Adams,us USA,MF,26-098,20.8,39,1.87,34,0,0,1,0,4,4,0.19,3,0,0,0,0,1,Matches
Marcus Tavernier,eng ENG,"FW,MF",26-062,20.6,90,4.38,63,12,3,8,4,0,11,0.54,5,3,0,2,1,0,Matches
Adam Smith,eng ENG,DF,34-024,16.7,20,1.2,15,1,1,0,2,1,2,0.12,1,0,0,0,1,0,Matches
Marcos Senesi,ar ARG,DF,28-013,11.4,16,1.4,16,0,0,0,0,0,1,0.09,1,0,0,0,0,0,Matches
David Brooks,wls WAL,"FW,MF",27-319,10.0,39,3.91,33,3,2,1,0,0,2,0.2,1,0,0,1,0,0,Matches
Alex Scott,eng ENG,MF,21-275,8.4,29,3.46,19,2,0,2,3,3,2,0.24,2,0,0,0,0,0,Matches
Julian Araujo,mx MEX,DF,23-283,5.5,5,0.91,5,0,0,0,0,0,0,0.0,0,0,0,0,0,0,Matches
James Hill,eng ENG,DF,23-133,5.0,8,1.61,5,2,0,0,0,1,1,0.2,1,0,0,0,0,0,Matches
Mark Travers,ie IRL,GK,26-005,5.0,0,0.0,0,0,0,0,0,0,0,0.0,0,0,0,0,0,0,Matches
Enes Ünal,tr TUR,"FW,MF",28-013,3.8,9,2.35,6,0,0,2,1,0,3,0.78,2,0,0,0,1,0,Matches
Neto,br BRA,GK,35-308,2.0,0,0.0,0,0,0,0,0,0,0,0.0,0,0,0,0,0,0,Matches
Luis Sinisterra,co COL,"FW,MF",25-340,2.6,14,5.29,11,0,1,2,0,0,1,0.38,1,0,0,0,0,0,Matches
Philip Billing,dk DEN,MF,28-346,2.0,16,7.83,13,0,0,1,0,2,0,0.0,0,0,0,0,0,0,Matches
Max Aarons,eng ENG,DF,25-139,1.0,2,2.09,2,0,0,0,0,0,0,0.0,0,0,0,0,0,0,Matches
Daniel Jebbison,eng ENG,FW,21-283,1.0,5,4.95,4,0,1,0,0,0,0,0.0,0,0,0,0,0,0,Matches
Ben Winterburn,eng ENG,"FW,MF",20-261,0.3,0,0.0,0,0,0,0,0,0,0,0.0,0,0,0,0,0,0,Matches
Julio Soler,ar ARG,"DF,FW",20-096,0.1,0,0.0,0,0,0,0,0,0,0,0.0,0,0,0,0,0,0,Matches
Remy Rees-Dottin,eng ENG,FW,19-078,0.0,0,0.0,0,0,0,0,0,0,0,0.0,0,0,0,0,0,0,Matches
Zain Silcott-Duberry,ms MSR,FW,19-318,0.0,0,0.0,0,0,0,0,0,0,0,0.0,0,0,0,0,0,0,Matches
Squad Total,,,25.9,37.0,976,26.38,744,65,42,66,38,21,91,2.46,60,6,5,8,10,2,
Opponent Total,,,27.2,37.0,873,23.59,644,78,53,45,39,14,84,2.27,59,5,10,4,5,1,
Dean Henderson,eng ENG,GK,28-072,37.0,3,0.08,2,1,0,0,0,0,0,0.0,0,0,0,0,0,0,Matches
Daniel Muñoz,co COL,DF,28-362,34.9,85,2.44,69,2,2,6,1,5,11,0.32,9,0,1,1,0,0,Matches
Tyrick Mitchell,eng ENG,DF,25-264,33.4,71,2.13,64,1,0,3,2,1,6,0.18,5,0,0,0,1,0,Matches
Marc Guéhi,eng ENG,DF,24-314,34.0,44,1.29,36,0,0,4,2,2,5,0.15,4,0,0,0,0,1,Matches
Maxence Lacroix,fr FRA,DF,25-047,33.6,28,0.83,23,1,0,4,0,0,4,0.12,2,1,0,1,0,0,Matches
Jean-Philippe Mateta,fr FRA,FW,27-329,28.7,65,2.26,44,0,5,11,5,0,10,0.35,5,0,3,2,0,0,Matches
Eberechi Eze,eng ENG,"MF,FW",26-328,28.1,133,4.74,70,29,11,13,9,1,10,0.36,9,1,0,0,0,0,Matches
Ismaila Sarr,sn SEN,MF,27-087,29.1,108,3.71,80,0,6,8,14,0,12,0.41,9,0,1,0,2,0,Matches
Jefferson Lerma,co COL,"MF,DF",30-210,24.3,46,1.9,37,5,0,3,0,1,3,0.12,3,0,0,0,0,0,Matches
Will Hughes,eng ENG,MF,30-036,22.6,66,2.93,41,17,1,2,5,0,6,0.27,2,3,0,1,0,0,Matches
Chris Richards,us USA,DF,25-056,20.4,8,0.39,4,0,0,2,1,1,2,0.1,0,0,0,2,0,0,Matches
Adam Wharton,eng ENG,MF,20-355,14.6,59,4.03,45,11,0,2,0,1,6,0.41,4,2,0,0,0,0,Matches
Daichi Kamada,jp JPN,MF,28-291,16.4,50,3.05,37,6,1,3,1,2,3,0.18,2,1,0,0,0,0,Matches
Trevoh Chalobah,eng ENG,DF,25-322,11.8,11,0.93,10,0,1,0,0,0,0,0.0,0,0,0,0,0,0,Matches
Eddie Nketiah,eng ENG,"FW,MF",25-358,11.2,31,2.77,20,0,3,3,5,0,3,0.27,2,0,0,0,1,0,Matches
Nathaniel Clyne,eng ENG,"DF,MF",34-048,5.4,3,0.56,3,0,0,0,0,0,0,0.0,0,0,0,0,0,0,Matches
Justin Devenny,nir NIR,MF,21-224,5.3,15,2.82,12,2,0,1,0,0,1,0.19,1,0,0,0,0,0,Matches
Cheick Doucouré,ml MLI,MF,25-135,5.0,9,1.79,5,0,0,2,1,1,3,0.6,1,0,0,1,1,0,Matches
Ben Chilwell,eng ENG,DF,28-153,2.9,8,2.77,6,1,0,1,0,0,0,0.0,0,0,0,0,0,0,Matches
Romain Esse,eng ENG,MF,20-010,1.4,8,5.63,6,0,1,0,1,0,3,2.11,1,0,1,0,1,0,Matches
Odsonne Édouard,fr FRA,"MF,FW",27-127,1.3,1,0.78,1,0,0,0,0,0,0,0.0,0,0,0,0,0,0,Matches
Joachim Andersen,dk DEN,DF,28-357,1.0,1,1.0,1,0,0,0,0,0,0,0.0,0,0,0,0,0,0,Matches
Chadi Riad,ma MAR,DF,21-340,1.0,0,0.0,0,0,0,0,0,0,0,0.0,0,0,0,0,0,0,Matches
Joel Ward,eng ENG,DF,35-206,0.8,1,1.27,1,0,0,0,0,0,0,0.0,0,0,0,0,0,0,Matches
Jeffrey Schlupp,gh GHA,"MF,DF",32-151,1.1,7,6.06,5,0,1,1,0,0,0,0.0,0,0,0,0,0,0,Matches
Matheus França,br BRA,"MF,FW",21-052,0.6,2,3.33,1,0,0,1,0,0,0,0.0,0,0,0,0,0,0,Matches
Jordan Ayew,gh GHA,"FW,MF",33-254,0.2,1,4.29,1,0,0,0,0,0,0,0.0,0,0,0,0,0,0,Matches
Caleb Kporha,eng ENG,DF,18-312,0.1,0,0.0,0,0,0,0,0,0,0,0.0,0,0,0,0,0,0,Matches
Asher Agbinone,eng ENG,MF,19-237,0.1,1,15.0,1,0,0,0,0,0,0,0.0,0,0,0,0,0,0,Matches
Squad Total,,,27.0,37.0,865,23.38,625,76,32,70,47,15,88,2.38,59,8,6,8,6,1,
Opponent Total,,,26.8,37.0,825,22.3,590,76,44,76,24,15,83,2.24,55,6,5,9,4,4,
Jordan Pickford,eng ENG,GK,31-077,37.0,12,0.32,11,1,0,0,0,0,2,0.05,2,0,0,0,0,0,Matches
Vitaliy Mykolenko,ua UKR,DF,25-359,33.2,40,1.2,37,0,1,2,0,0,3,0.09,2,0,0,1,0,0,Matches
Idrissa Gana Gueye,sn SEN,MF,35-239,33.0,58,1.76,50,0,1,2,3,2,4,0.12,4,0,0,0,0,0,Matches
James Tarkowski,eng ENG,DF,32-185,32.5,38,1.17,32,2,0,4,0,0,4,0.12,4,0,0,0,0,0,Matches
Abdoulaye Doucouré,ml MLI,MF,32-142,28.3,58,2.05,52,0,3,2,0,1,3,0.11,2,0,0,0,0,1,Matches
Jarrad Branthwaite,eng ENG,DF,22-330,27.9,13,0.47,11,1,0,0,1,0,2,0.07,1,1,0,0,0,0,Matches
Iliman Ndiaye,sn SEN,FW,25-078,26.2,63,2.41,48,0,8,1,6,0,7,0.27,4,0,2,0,1,0,Matches
Jack Harrison,eng ENG,FW,28-184,22.1,56,2.54,38,8,4,2,4,0,4,0.18,1,0,0,1,2,0,Matches
Dominic Calvert-Lewin,eng ENG,FW,28-068,17.8,25,1.4,14,0,4,2,3,2,4,0.22,1,0,2,0,1,0,Matches
Ashley Young,eng ENG,DF,39-318,19.8,44,2.22,33,7,0,1,2,1,6,0.3,4,0,0,1,0,1,Matches
James Garner,eng ENG,"MF,DF",24-071,16.7,37,2.22,26,11,0,0,0,0,5,0.3,4,1,0,0,0,0,Matches
Jake O'Brien,ie IRL,DF,24-008,16.5,16,0.97,14,0,2,0,0,0,0,0.0,0,0,0,0,0,0,Matches
Dwight McNeil,eng ENG,"MF,FW",25-182,15.1,71,4.71,38,22,6,2,2,1,10,0.66,5,2,2,0,0,1,Matches
Jesper Lindstrøm,dk DEN,FW,25-083,13.8,46,3.35,30,7,2,3,3,1,1,0.07,1,0,0,0,0,0,Matches
Beto,gw GNB,FW,27-112,16.1,23,1.43,14,0,3,3,3,0,1,0.06,1,0,0,0,0,0,Matches
Orel Mangala,be BEL,MF,27-066,14.0,24,1.72,17,1,2,3,1,0,1,0.07,0,0,0,0,1,0,Matches
Michael Keane,eng ENG,DF,32-132,10.7,6,0.56,6,0,0,0,0,0,0,0.0,0,0,0,0,0,0,Matches
Carlos Alcaraz,ar ARG,"FW,MF",22-174,7.7,29,3.79,23,1,3,1,1,0,6,0.78,5,0,0,1,0,0,Matches
Tim Iroegbunam,eng ENG,MF,21-327,6.4,10,1.57,6,0,1,0,1,2,1,0.16,1,0,0,0,0,0,Matches
Armando Broja,al ALB,FW,23-255,3.7,7,1.89,7,0,0,0,0,0,0,0.0,0,0,0,0,0,0,Matches
Nathan Patterson,sct SCO,DF,23-219,3.9,11,2.85,8,1,2,0,0,0,1,0.26,1,0,0,0,0,0,Matches
Séamus Coleman,ie IRL,DF,36-224,2.4,2,0.84,1,0,1,0,0,0,1,0.42,1,0,0,0,0,0,Matches
Roman Dixon,eng ENG,DF,20-148,1.0,0,0.0,0,0,0,0,0,0,0,0.0,0,0,0,0,0,0,Matches
Harrison Armstrong,eng ENG,MF,18-124,0.5,1,1.87,1,0,0,0,0,0,0,0.0,0,0,0,0,0,0,Matches
Youssef Chermiti,pt POR,"FW,MF",20-364,0.5,0,0.0,0,0,0,0,0,0,0,0.0,0,0,0,0,0,0,Matches
Mason Holgate,eng ENG,"FW,DF",28-213,0.1,0,0.0,0,0,0,0,0,0,0,0.0,0,0,0,0,0,0,Matches
Squad Total,,,28.8,37.0,690,18.65,517,62,43,28,30,10,66,1.78,44,4,6,4,5,3,
Opponent Total,,,27.0,37.0,814,22.0,607,68,45,53,28,13,74,2.0,58,2,5,5,1,3,
Rayan Aït-Nouri,dz ALG,DF,23-351,33.8,88,2.6,53,15,8,7,4,1,12,0.35,10,1,0,0,0,1,Matches
João Gomes,br BRA,MF,24-100,32.0,64,2.0,51,1,5,2,2,3,4,0.12,4,0,0,0,0,0,Matches
Nélson Semedo,pt POR,DF,31-188,31.1,55,1.77,40,1,7,1,3,3,6,0.19,6,0,0,0,0,0,Matches
Jørgen Strand Larsen,no NOR,FW,25-106,28.5,40,1.41,31,1,1,3,2,2,5,0.18,5,0,0,0,0,0,Matches
André,br BRA,MF,23-311,26.5,46,1.74,38,3,1,0,0,4,3,0.11,2,1,0,0,0,0,Matches
Toti Gomes,pt POR,DF,26-127,28.0,21,0.75,20,0,0,1,0,0,1,0.04,1,0,0,0,0,0,Matches
José Sá,pt POR,GK,32-126,28.0,4,0.14,4,0,0,0,0,0,0,0.0,0,0,0,0,0,0,Matches
Matheus Cunha,br BRA,"MF,FW",25-361,27.9,127,4.56,72,13,18,9,12,3,16,0.57,10,0,4,0,1,1,Matches
Matt Doherty,ie IRL,DF,33-127,22.5,24,1.07,18,3,1,1,1,0,3,0.13,3,0,0,0,0,0,Matches
Jean-Ricner Bellegarde,fr FRA,"MF,FW",26-330,18.6,57,3.07,35,5,4,4,7,2,11,0.59,8,1,0,0,1,1,Matches
Santiago Bueno,uy URU,DF,26-195,18.7,12,0.64,10,1,0,0,0,1,4,0.21,3,0,0,0,0,1,Matches
Mario Lemina,ga GAB,"MF,DF",31-264,15.2,26,1.71,21,0,2,2,0,1,5,0.33,5,0,0,0,0,0,Matches
Emmanuel Agbadou,ci CIV,DF,27-340,14.7,15,1.02,14,1,0,0,0,0,2,0.14,2,0,0,0,0,0,Matches
Marshall Munetsi,zw ZIM,"MF,FW",28-335,11.0,17,1.54,12,0,0,2,2,1,1,0.09,1,0,0,0,0,0,Matches
Craig Dawson,eng ENG,DF,35-017,10.8,7,0.65,6,0,0,1,0,0,2,0.19,1,0,0,1,0,0,Matches
Gonçalo Guedes,pt POR,"MF,FW",28-175,10.3,25,2.42,22,0,2,0,1,0,8,0.77,7,0,1,0,0,0,Matches
Pablo Sarabia,es ESP,"MF,FW",33-012,9.0,28,3.1,20,6,2,0,0,0,5,0.55,4,0,1,0,0,0,Matches
Rodrigo Gomes,pt POR,"DF,FW",21-320,8.7,22,2.53,18,1,2,1,0,0,1,0.11,0,1,0,0,0,0,Matches
Sam Johnstone,eng ENG,GK,32-059,7.0,2,0.29,2,0,0,0,0,0,0,0.0,0,0,0,0,0,0,Matches
Hwang Hee-chan,kr KOR,"MF,FW",29-117,7.3,9,1.22,8,0,0,1,0,0,1,0.14,1,0,0,0,0,0,Matches
Yerson Mosquera,co COL,DF,24-021,4.9,5,1.02,5,0,0,0,0,0,0,0.0,0,0,0,0,0,0,Matches
Tommy Doyle,eng ENG,MF,23-218,5.4,17,3.13,11,4,1,1,0,0,3,0.55,2,0,1,0,0,0,Matches
Daniel Bentley,eng ENG,GK,31-314,2.0,0,0.0,0,0,0,0,0,0,0,0.0,0,0,0,0,0,0,Matches
Carlos Forbs,pt POR,"MF,FW",21-065,2.7,5,1.89,3,0,2,0,0,0,1,0.38,1,0,0,0,0,0,Matches
Pedro Lima,br BRA,DF,18-326,0.8,4,5.14,2,0,0,0,0,2,0,0.0,0,0,0,0,0,0,Matches
Nasser Djiga,bf BFA,DF,22-189,0.7,0,0.0,0,0,0,0,0,0,0,0.0,0,0,0,0,0,0,Matches
Daniel Podence,pt POR,"MF,FW",29-214,0.5,0,0.0,0,0,0,0,0,0,0,0.0,0,0,0,0,0,0,Matches
Chiquinho,pt POR,MF,25-107,0.1,2,25.71,2,0,0,0,0,0,0,0.0,0,0,0,0,0,0,Matches
Mateus Mane,,MF,,0.0,0,0.0,0,0,0,0,0,0,0,0.0,0,0,0,0,0,0,Matches
Alfie Pond,eng ENG,DF,21-083,0.0,0,0.0,0,0,0,0,0,0,0,0.0,0,0,0,0,0,0,Matches
Boubacar Traoré,ml MLI,MF,23-276,0.0,0,0.0,0,0,0,0,0,0,0,0.0,0,0,0,0,0,0,Matches
Squad Total,,,27.7,37.0,722,19.51,518,55,56,36,34,23,94,2.54,76,4,7,1,2,4,
Opponent Total,,,27.0,37.0,812,21.95,583,84,40,44,49,12,115,3.11,78,10,7,8,11,1,
Max Kilman,eng ENG,DF,28-000,36.2,32,0.88,28,0,2,0,0,2,5,0.14,3,0,1,0,0,1,Matches
Aaron Wan-Bissaka,eng ENG,DF,27-178,34.0,90,2.64,72,4,7,3,2,2,9,0.26,8,0,0,1,0,0,Matches
Jarrod Bowen,eng ENG,"FW,MF",28-154,32.0,106,3.31,65,13,5,12,9,2,13,0.41,9,2,1,1,0,0,Matches
Mohammed Kudus,gh GHA,"FW,MF",24-294,28.6,106,3.71,73,1,16,12,2,2,9,0.32,5,0,1,3,0,0,Matches
Tomáš Souček,cz CZE,MF,30-085,27.5,44,1.6,35,0,0,6,2,1,3,0.11,2,0,0,0,1,0,Matches
Lucas Paquetá,br BRA,"MF,FW",27-269,26.3,82,3.12,68,2,2,4,5,1,6,0.23,3,0,0,2,1,0,Matches
Emerson Palmieri,it ITA,DF,30-293,23.5,41,1.75,25,11,0,2,2,1,2,0.09,1,1,0,0,0,0,Matches
Alphonse Areola,fr FRA,GK,32-085,25.1,3,0.12,2,1,0,0,0,0,0,0.0,0,0,0,0,0,0,Matches
Konstantinos Mavropanos,gr GRE,DF,27-163,21.7,16,0.74,12,0,1,2,0,1,0,0.0,0,0,0,0,0,0,Matches
Jean-Clair Todibo,fr FRA,DF,25-144,19.3,5,0.26,4,0,0,0,0,1,0,0.0,0,0,0,0,0,0,Matches
Edson Álvarez,mx MEX,MF,27-211,18.8,28,1.49,24,0,2,1,1,0,2,0.11,2,0,0,0,0,0,Matches
Guido Rodríguez,ar ARG,MF,31-041,12.6,11,0.87,9,0,0,2,0,0,0,0.0,0,0,0,0,0,0,Matches
Carlos Soler,es ESP,"MF,FW",28-141,15.6,51,3.26,31,9,2,5,3,1,2,0.13,2,0,0,0,0,0,Matches
Łukasz Fabiański,pl POL,GK,40-035,11.9,3,0.25,2,1,0,0,0,0,0,0.0,0,0,0,0,0,0,Matches
Vladimír Coufal,cz CZE,DF,32-274,11.6,18,1.55,14,4,0,0,0,0,1,0.09,0,1,0,0,0,0,Matches
James Ward-Prowse,eng ENG,MF,30-203,10.7,31,2.91,16,11,0,3,0,1,1,0.09,0,1,0,0,0,0,Matches
Michail Antonio,jm JAM,FW,35-056,9.3,22,2.37,14,0,1,5,1,1,4,0.43,0,0,0,4,0,0,Matches
Aaron Cresswell,eng ENG,DF,35-159,9.1,15,1.64,7,8,0,0,0,0,0,0.0,0,0,0,0,0,0,Matches
Crysencio Summerville,nl NED,"FW,MF",23-205,8.7,35,4.01,21,3,5,0,5,1,1,0.11,1,0,0,0,0,0,Matches
Oliver Scarles,eng ENG,DF,19-162,6.6,5,0.76,5,0,0,0,0,0,0,0.0,0,0,0,0,0,0,Matches
Niclas Füllkrug,de GER,FW,32-103,8.0,20,2.5,18,0,0,2,0,0,2,0.25,1,0,0,1,0,0,Matches
Danny Ings,eng ENG,"FW,MF",32-304,3.2,12,3.8,7,0,1,3,1,0,2,0.63,0,0,0,1,1,0,Matches
Andy Irving,sct SCO,MF,25-010,1.8,5,2.68,4,0,1,0,0,0,0,0.0,0,0,0,0,0,0,Matches
Evan Ferguson,ie IRL,FW,20-216,1.7,4,2.31,2,0,1,1,0,0,0,0.0,0,0,0,0,0,0,Matches
Luis Guilherme,br BRA,"MF,FW",19-103,1.7,10,6.0,6,1,1,1,1,0,0,0.0,0,0,0,0,0,0,Matches
Lewis Orford,eng ENG,MF,19-094,0.5,2,3.67,2,0,0,0,0,0,0,0.0,0,0,0,0,0,0,Matches
Kaelan Casey,eng ENG,DF,20-207,0.0,0,0.0,0,0,0,0,0,0,0,0.0,0,0,0,0,0,0,Matches
Squad Total,,,28.9,37.0,797,21.54,566,69,47,64,34,17,62,1.68,37,5,3,13,3,1,
Opponent Total,,,27.0,37.0,1018,27.51,784,78,29,64,45,18,97,2.62,67,7,6,8,6,3,
André Onana,cm CMR,GK,29-051,34.0,4,0.12,3,1,0,0,0,0,0,0.0,0,0,0,0,0,0,Matches
Bruno Fernandes,pt POR,MF,30-257,32.5,181,5.56,127,35,5,6,6,2,12,0.37,9,2,0,1,0,0,Matches
Noussair Mazraoui,ma MAR,DF,27-190,31.3,52,1.66,42,2,1,2,3,2,1,0.03,1,0,0,0,0,0,Matches
Diogo Dalot,pt POR,DF,26-066,31.0,74,2.39,57,5,7,4,0,1,5,0.16,3,0,1,1,0,0,Matches
Matthijs de Ligt,nl NED,DF,25-284,23.6,14,0.59,12,0,0,2,0,0,1,0.04,1,0,0,0,0,0,Matches
Alejandro Garnacho,ar ARG,"MF,FW",20-326,24.4,83,3.4,64,1,3,9,6,0,6,0.25,4,0,0,1,1,0,Matches
Rasmus Højlund,dk DEN,FW,22-108,21.4,33,1.54,21,0,3,5,4,0,1,0.05,0,0,0,0,1,0,Matches
Manuel Ugarte Ribeiro,uy URU,MF,24-042,19.8,31,1.56,24,0,0,2,2,3,4,0.2,3,0,0,1,0,0,Matches
Lisandro Martínez,ar ARG,DF,27-125,19.5,26,1.34,23,0,0,2,0,1,2,0.1,2,0,0,0,0,0,Matches
Amad Diallo,ci CIV,"MF,FW",22-316,20.1,93,4.62,62,9,10,3,5,4,17,0.84,7,0,4,1,1,4,Matches
Kobbie Mainoo,eng ENG,MF,20-034,17.8,31,1.74,26,0,4,0,1,0,2,0.11,2,0,0,0,0,0,Matches
Harry Maguire,eng ENG,DF,32-079,18.5,19,1.02,13,1,0,5,0,0,0,0.0,0,0,0,0,0,0,Matches
Casemiro,br BRA,MF,33-089,15.6,49,3.14,45,1,0,3,0,0,3,0.19,3,0,0,0,0,0,Matches
Joshua Zirkzee,nl NED,"FW,MF",24-001,15.6,31,1.99,28,0,0,2,1,0,3,0.19,1,0,0,1,1,0,Matches
Leny Yoro,fr FRA,DF,19-191,12.9,9,0.7,6,0,0,2,0,1,0,0.0,0,0,0,0,0,0,Matches
Marcus Rashford,eng ENG,"FW,MF",27-204,10.9,29,2.67,24,1,2,2,0,0,1,0.09,1,0,0,0,0,0,Matches
Christian Eriksen,dk DEN,MF,33-098,11.5,52,4.51,35,14,0,3,0,0,7,0.61,5,2,0,0,0,0,Matches
Patrick Dorgu,dk DEN,DF,20-209,8.4,16,1.91,13,0,0,0,2,1,1,0.12,0,0,0,0,1,0,Matches
Mason Mount,eng ENG,MF,26-133,6.2,18,2.91,12,2,0,3,1,0,0,0.0,0,0,0,0,0,0,Matches
Victor Lindelöf,se SWE,DF,30-310,6.8,4,0.59,4,0,0,0,0,0,0,0.0,0,0,0,0,0,0,Matches
Luke Shaw,eng ENG,DF,29-315,3.9,10,2.58,8,2,0,0,0,0,0,0.0,0,0,0,0,0,0,Matches
Harry Amass,eng ENG,DF,18-068,3.8,8,2.08,7,0,0,1,0,0,0,0.0,0,0,0,0,0,0,Matches
Jonny Evans,nir NIR,DF,37-140,3.2,2,0.62,2,0,0,0,0,0,0,0.0,0,0,0,0,0,0,Matches
Altay Bayındır,tr TUR,GK,27-039,3.0,0,0.0,0,0,0,0,0,0,0,0.0,0,0,0,0,0,0,Matches
Tyler Fredricson,eng ENG,DF,20-089,1.8,3,1.63,3,0,0,0,0,0,0,0.0,0,0,0,0,0,0,Matches
Tyrell Malacia,nl NED,DF,25-279,1.1,2,1.8,1,0,0,0,1,0,0,0.0,0,0,0,0,0,0,Matches
Chidozie Obi-Martin,dk DEN,FW,17-175,1.7,2,1.16,0,0,1,1,0,0,0,0.0,0,0,0,0,0,0,Matches
Ayden Heaven,eng ENG,DF,18-243,1.2,2,1.71,0,0,1,0,1,0,0,0.0,0,0,0,0,0,0,Matches
Toby Collyer,eng ENG,MF,21-140,2.0,5,2.5,4,0,0,1,0,0,0,0.0,0,0,0,0,0,0,Matches
Antony,br BRA,"DF,MF",25-088,1.6,8,5.11,6,0,1,0,1,0,0,0.0,0,0,0,0,0,0,Matches
Scott McTominay,sct SCO,MF,28-166,0.2,1,4.74,0,0,0,1,0,0,0,0.0,0,0,0,0,0,0,Matches
Squad Total,,,26.3,37.0,892,24.11,672,74,38,59,34,15,66,1.78,42,4,5,6,5,4,
Opponent Total,,,27.2,37.0,706,19.08,492,64,50,52,38,10,86,2.32,61,6,5,9,4,1,
Pedro Porro,es ESP,DF,25-252,28.0,107,3.82,71,23,3,5,4,1,8,0.29,4,3,1,0,0,0,Matches
Dejan Kulusevski,se SWE,"MF,FW",25-028,26.5,128,4.82,95,12,15,3,3,0,9,0.34,7,1,1,0,0,0,Matches
Dominic Solanke,eng ENG,FW,27-251,23.7,37,1.56,25,0,0,9,2,1,8,0.34,6,0,0,1,1,0,Matches
Son Heung-min,kr KOR,FW,32-319,23.4,117,4.99,87,8,10,7,5,0,15,0.64,13,0,0,1,1,0,Matches
Brennan Johnson,wls WAL,FW,24-000,23.2,46,1.98,30,0,6,4,5,1,7,0.3,5,0,1,0,1,0,Matches
Guglielmo Vicario,it ITA,GK,28-228,23.0,4,0.17,4,0,0,0,0,0,0,0.0,0,0,0,0,0,0,Matches
Destiny Udogie,it ITA,DF,22-176,20.4,35,1.72,31,0,0,1,1,2,3,0.15,2,0,0,0,0,1,Matches
Pape Matar Sarr,sn SEN,MF,22-251,20.8,44,2.12,34,2,2,4,0,2,6,0.29,4,0,1,1,0,0,Matches
James Maddison,eng ENG,MF,28-181,20.1,95,4.73,66,13,7,3,6,0,18,0.9,12,2,3,1,0,0,Matches
Rodrigo Bentancur,uy URU,MF,27-332,17.6,45,2.56,36,0,1,5,1,2,3,0.17,3,0,0,0,0,0,Matches
Djed Spence,eng ENG,DF,24-287,19.8,29,1.46,23,1,4,1,0,0,5,0.25,3,1,1,0,0,0,Matches
Archie Gray,eng ENG,"DF,MF",19-072,18.5,5,0.27,4,1,0,0,0,0,0,0.0,0,0,0,0,0,0,Matches
Cristian Romero,ar ARG,DF,27-026,15.7,20,1.27,16,0,0,4,0,0,4,0.25,3,0,0,1,0,0,Matches
Yves Bissouma,ml MLI,MF,28-266,15.4,16,1.04,15,0,0,0,0,1,0,0.0,0,0,0,0,0,0,Matches
Ben Davies,wls WAL,DF,32-029,14.5,8,0.55,7,0,0,0,0,1,0,0.0,0,0,0,0,0,0,Matches
Radu Drăgușin,ro ROU,DF,23-109,13.9,8,0.58,8,0,0,0,0,0,1,0.07,1,0,0,0,0,0,Matches
Lucas Bergvall,se SWE,MF,19-110,13.5,22,1.63,16,4,0,2,0,0,4,0.3,3,0,0,1,0,0,Matches
Micky van de Ven,nl NED,DF,24-034,10.6,11,1.04,8,0,0,2,1,0,2,0.19,2,0,0,0,0,0,Matches
Mathys Tel,fr FRA,FW,20-026,9.2,25,2.72,17,1,2,2,3,0,1,0.11,1,0,0,0,0,0,Matches
Wilson Odobert,fr FRA,"FW,MF",20-176,8.9,16,1.79,14,0,0,2,0,0,1,0.11,1,0,0,0,0,0,Matches
Kevin Danso,at AUT,DF,26-246,8.4,9,1.08,8,0,0,1,0,0,2,0.24,2,0,0,0,0,0,Matches
Fraser Forster,eng ENG,GK,37-067,7.0,0,0.0,0,0,0,0,0,0,0,0.0,0,0,0,0,0,0,Matches
Antonín Kinský,cz CZE,GK,22-071,6.0,1,0.17,1,0,0,0,0,0,0,0.0,0,0,0,0,0,0,Matches
Timo Werner,de GER,"FW,MF",29-078,5.7,18,3.13,14,0,2,1,1,0,3,0.52,3,0,0,0,0,0,Matches
Richarlison,br BRA,FW,28-013,5.3,8,1.5,5,0,0,2,1,0,1,0.19,1,0,0,0,0,0,Matches
Mikey Moore,eng ENG,FW,17-285,4.1,12,2.95,7,2,0,1,2,0,2,0.49,1,0,0,1,0,0,Matches
Sergio Reguilón,es ESP,DF,28-158,2.2,1,0.46,1,0,0,0,0,0,0,0.0,0,0,0,0,0,0,Matches
Brandon Austin,eng ENG,GK,26-135,1.0,0,0.0,0,0,0,0,0,0,0,0.0,0,0,0,0,0,0,Matches
Dane Scarlett,eng ENG,"FW,MF",21-060,0.4,1,2.65,1,0,0,0,0,0,1,2.65,1,0,0,0,0,0,Matches
Alfie Dorrington,eng ENG,DF,20-033,0.2,0,0.0,0,0,0,0,0,0,0,0.0,0,0,0,0,0,0,Matches
Will Lankshear,eng ENG,"FW,MF",20-033,0.1,0,0.0,0,0,0,0,0,0,0,0.0,0,0,0,0,0,0,Matches
Squad Total,,,25.8,37.0,868,23.46,644,67,52,59,35,11,104,2.81,78,7,8,7,3,1,
Opponent Total,,,27.1,37.0,868,23.46,638,66,56,65,28,15,103,2.78,75,7,7,8,3,3,
Jamie Vardy,eng ENG,FW,38-132,31.4,47,1.5,33,0,6,2,6,0,10,0.32,5,0,2,1,2,0,Matches
James Justin,eng ENG,DF,27-089,31.4,33,1.05,21,2,1,4,5,0,2,0.06,2,0,0,0,0,0,Matches
Wout Faes,be BEL,DF,27-050,30.3,17,0.56,15,0,0,1,0,1,0,0.0,0,0,0,0,0,0,Matches
Victor Bernth Kristiansen,dk DEN,DF,22-158,26.6,41,1.54,32,6,1,0,2,0,3,0.11,3,0,0,0,0,0,Matches
Wilfred Ndidi,ng NGA,MF,28-158,25.8,31,1.2,29,0,1,1,0,0,4,0.15,4,0,0,0,0,0,Matches
Mads Hermansen,dk DEN,GK,24-316,26.5,3,0.11,3,0,0,0,0,0,0,0.0,0,0,0,0,0,0,Matches
Bilal El Khannouss,ma MAR,"MF,FW",21-013,24.2,78,3.22,54,9,8,4,3,0,7,0.29,5,1,0,1,0,0,Matches
Boubakary Soumaré,fr FRA,MF,26-085,23.1,35,1.51,27,0,5,1,2,0,3,0.13,3,0,0,0,0,0,Matches
Conor Coady,eng ENG,DF,32-087,18.0,6,0.33,6,0,0,0,0,0,0,0.0,0,0,0,0,0,0,Matches
Jordan Ayew,gh GHA,"FW,MF",33-254,17.2,39,2.27,24,8,2,3,1,1,2,0.12,1,0,0,1,0,0,Matches
Harry Winks,eng ENG,MF,29-110,17.1,39,2.28,29,7,1,1,1,0,3,0.18,2,1,0,0,0,0,Matches
Stephy Mavididi,eng ENG,FW,26-357,17.9,50,2.78,39,2,4,2,2,1,7,0.39,6,0,1,0,0,0,Matches
Jannik Vestergaard,dk DEN,DF,32-293,15.5,7,0.45,6,0,0,0,0,1,0,0.0,0,0,0,0,0,0,Matches
Facundo Buonanotte,ar ARG,"FW,MF",20-151,16.7,51,3.05,27,11,9,1,3,0,5,0.3,1,2,2,0,0,0,Matches
Caleb Okoli,it ITA,DF,23-314,12.5,4,0.32,4,0,0,0,0,0,0,0.0,0,0,0,0,0,0,Matches
Luke Thomas,eng ENG,DF,23-347,11.5,15,1.3,11,3,0,0,0,1,1,0.09,1,0,0,0,0,0,Matches
Oliver Skipp,eng ENG,MF,24-249,11.8,15,1.28,13,1,0,0,1,0,0,0.0,0,0,0,0,0,0,Matches
Jakub Stolarczyk,pl POL,GK,24-155,9.0,0,0.0,0,0,0,0,0,0,0,0.0,0,0,0,0,0,0,Matches
Bobby De Cordova-Reid,jm JAM,FW,32-110,8.3,13,1.57,8,0,0,3,2,0,3,0.36,1,0,0,1,1,0,Matches
Kasey McAteer,ie IRL,"FW,MF",23-182,8.5,20,2.35,18,0,0,0,2,0,2,0.23,1,0,0,0,1,0,Matches
Abdul Fatawu Issahaku,gh GHA,FW,21-076,6.4,17,2.64,10,0,2,1,4,0,3,0.47,2,0,0,1,0,0,Matches
Patson Daka,zm ZAM,"FW,MF",26-226,7.4,10,1.36,7,0,2,1,0,0,1,0.14,0,0,1,0,0,0,Matches
Ricardo Pereira,pt POR,DF,31-229,4.1,3,0.73,3,0,0,0,0,0,0,0.0,0,0,0,0,0,0,Matches
Danny Ward,wls WAL,GK,31-335,1.5,0,0.0,0,0,0,0,0,0,0,0.0,0,0,0,0,0,0,Matches
Hamza Choudhury,bd BAN,"MF,DF",27-234,1.5,3,2.05,2,0,1,0,0,0,0,0.0,0,0,0,0,0,0,Matches
Woyo Coulibaly,fr FRA,DF,26-003,1.2,0,0.0,0,0,0,0,0,0,0,0.0,0,0,0,0,0,0,Matches
Jeremy Monga,,"FW,MF",,1.0,1,0.97,1,0,0,0,0,0,0,0.0,0,0,0,0,0,0,Matches
Odsonne Édouard,fr FRA,FW,27-127,0.3,2,6.21,2,0,0,0,0,0,0,0.0,0,0,0,0,0,0,Matches
Jake Evans,,FW,,0.2,0,0.0,0,0,0,0,0,0,0,0.0,0,0,0,0,0,0,Matches
Will Alves,eng ENG,FW,20-109,0.0,0,0.0,0,0,0,0,0,0,0,0.0,0,0,0,0,0,0,Matches
Michael Golding,eng ENG,MF,19-000,0.0,0,0.0,0,0,0,0,0,0,0,0.0,0,0,0,0,0,0,Matches
Squad Total,,,27.4,37.0,580,15.68,424,49,43,25,34,5,56,1.51,37,4,6,5,4,0,
Opponent Total,,,27.1,37.0,1100,29.73,804,85,66,75,45,25,132,3.57,103,7,5,12,5,0,
Dara O'Shea,ie IRL,DF,26-080,33.7,24,0.71,19,0,0,2,2,1,4,0.12,4,0,0,0,0,0,Matches
Liam Delap,eng ENG,FW,22-104,28.6,62,2.17,28,0,12,7,13,2,7,0.25,3,0,2,0,2,0,Matches
Leif Davis,eng ENG,DF,25-131,29.5,90,3.05,45,37,3,3,1,1,4,0.14,3,0,1,0,0,0,Matches
Sam Morsy,eg EGY,MF,33-255,29.6,50,1.69,45,4,0,0,1,0,2,0.07,2,0,0,0,0,0,Matches
Omari Hutchinson,eng ENG,"MF,FW",21-205,27.7,78,2.82,57,0,9,5,5,2,6,0.22,6,0,0,0,0,0,Matches
Jacob Greaves,eng ENG,DF,24-253,23.5,17,0.72,14,1,0,1,0,1,0,0.0,0,0,0,0,0,0,Matches
Jens Cajuste,se SWE,MF,25-286,20.9,33,1.58,26,2,4,0,0,1,1,0.05,0,0,1,0,0,0,Matches
Axel Tuanzebe,cd COD,DF,27-190,18.0,17,0.94,15,1,0,0,1,0,2,0.11,2,0,0,0,0,0,Matches
Arijanet Muric,xk KVX,GK,26-197,18.0,1,0.06,0,1,0,0,0,0,0,0.0,0,0,0,0,0,0,Matches
Cameron Burgess,au AUS,DF,29-214,17.1,14,0.82,14,0,0,0,0,0,3,0.18,3,0,0,0,0,0,Matches
Ben Johnson,eng ENG,"DF,FW",25-119,15.0,24,1.6,12,9,0,1,2,0,5,0.33,4,0,0,1,0,0,Matches
Kalvin Phillips,eng ENG,MF,29-172,13.7,17,1.24,13,3,0,1,0,0,3,0.22,3,0,0,0,0,0,Matches
Alex Palmer,eng ENG,GK,28-286,13.0,3,0.23,3,0,0,0,0,0,0,0.0,0,0,0,0,0,0,Matches
Sammie Szmodics,ie IRL,"FW,MF",29-241,10.9,9,0.83,7,0,1,1,0,0,0,0.0,0,0,0,0,0,0,Matches
Luke Woolfenden,eng ENG,DF,26-214,13.2,2,0.15,2,0,0,0,0,0,0,0.0,0,0,0,0,0,0,Matches
Jack Clarke,eng ENG,"FW,MF",24-181,12.9,48,3.73,41,2,3,0,0,2,5,0.39,4,1,0,0,0,0,Matches
Wes Burns,wls WAL,"FW,DF",30-181,10.3,16,1.55,12,0,1,1,2,0,1,0.1,1,0,0,0,0,0,Matches
Julio Enciso,py PAR,"MF,FW",21-120,9.7,29,3.0,16,4,6,2,0,1,4,0.41,2,1,1,0,0,0,Matches
Conor Chaplin,eng ENG,"MF,FW",28-096,8.8,21,2.4,19,2,0,0,0,0,1,0.11,1,0,0,0,0,0,Matches
Nathan Broadhead,wls WAL,"MF,FW",27-048,6.9,19,2.74,14,0,5,0,0,0,2,0.29,1,0,1,0,0,0,Matches
Christian Walton,eng ENG,GK,29-195,6.0,2,0.33,1,1,0,0,0,0,0,0.0,0,0,0,0,0,0,Matches
Jaden Philogene Bidace,eng ENG,"FW,DF",23-104,5.3,9,1.71,6,0,1,1,1,0,0,0.0,0,0,0,0,0,0,Matches
Jack Taylor,ie IRL,MF,26-334,9.4,22,2.34,15,1,2,2,0,2,2,0.21,2,0,0,0,0,0,Matches
George Hirst,sct SCO,FW,26-097,6.6,8,1.21,7,0,0,1,0,0,3,0.45,2,0,0,1,0,0,Matches
Harry Clarke,eng ENG,DF,24-082,4.2,1,0.24,1,0,0,0,0,0,0,0.0,0,0,0,0,0,0,Matches
Conor Townsend,eng ENG,DF,32-080,3.7,5,1.34,4,1,0,0,0,0,1,0.27,1,0,0,0,0,0,Matches
Chiedozie Ogbene,ie IRL,FW,28-022,2.6,3,1.13,2,0,0,0,1,0,0,0.0,0,0,0,0,0,0,Matches
Massimo Luongo,au AUS,MF,32-240,2.2,0,0.0,0,0,0,0,0,0,0,0.0,0,0,0,0,0,0,Matches
Ben Godfrey,eng ENG,DF,27-128,1.8,1,0.57,1,0,0,0,0,0,0,0.0,0,0,0,0,0,0,Matches
Ali Al Hamadi,iq IRQ,FW,23-083,1.5,8,5.37,4,0,3,0,1,0,0,0.0,0,0,0,0,0,0,Matches
Marcus Harness,eng ENG,MF,29-088,0.5,2,4.0,2,0,0,0,0,0,0,0.0,0,0,0,0,0,0,Matches
George Edmundson,eng ENG,DF,27-265,0.0,0,0.0,0,0,0,0,0,0,0,0.0,0,0,0,0,0,0,Matches
Squad Total,,,26.6,37.0,635,17.16,445,69,50,28,30,13,56,1.51,44,2,6,2,2,0,
Opponent Total,,,27.0,37.0,1062,28.7,821,67,62,64,33,15,137,3.7,103,7,7,12,7,1,
Kyle Walker-Peters,eng ENG,DF,28-040,32.4,63,1.94,40,3,10,5,3,2,7,0.22,5,0,1,1,0,0,Matches
Mateus Fernandes,pt POR,MF,20-317,31.3,73,2.33,42,13,5,6,6,1,6,0.19,4,1,0,0,0,1,Matches
Taylor Harwood-Bellis,eng ENG,DF,23-113,31.4,37,1.18,32,0,0,3,1,1,2,0.06,1,0,0,1,0,0,Matches
Jan Bednarek,pl POL,DF,29-041,28.1,16,0.57,15,0,0,1,0,0,0,0.0,0,0,0,0,0,0,Matches
Aaron Ramsdale,eng ENG,GK,27-009,29.0,3,0.1,2,1,0,0,0,0,0,0.0,0,0,0,0,0,0,Matches
Flynn Downes,eng ENG,MF,26-123,22.9,31,1.35,27,2,0,1,0,1,2,0.09,1,1,0,0,0,0,Matches
Joe Aribo,ng NGA,"MF,DF",28-306,22.4,37,1.66,32,0,2,1,2,0,1,0.04,1,0,0,0,0,0,Matches
Tyler Dibling,eng ENG,"FW,MF",19-072,20.8,56,2.69,34,1,11,5,5,0,4,0.19,2,0,1,1,0,0,Matches
Ryan Manning,ie IRL,"DF,MF",28-343,16.2,50,3.08,25,22,0,1,1,1,3,0.18,0,2,0,0,1,0,Matches
Lesley Ugochukwu,fr FRA,MF,21-058,17.4,23,1.32,19,0,1,1,2,0,1,0.06,0,0,0,1,0,0,Matches
Jack Stephens,eng ENG,DF,31-116,15.4,13,0.84,13,0,0,0,0,0,0,0.0,0,0,0,0,0,0,Matches
Kamaldeen Sulemana,gh GHA,"FW,MF",23-097,14.7,28,1.9,15,1,9,2,1,0,3,0.2,1,0,1,1,0,0,Matches
Yukinari Sugawara,jp JPN,"DF,MF",24-329,16.3,39,2.39,30,5,1,3,0,0,1,0.06,1,0,0,0,0,0,Matches
Adam Armstrong,eng ENG,"FW,MF",28-102,13.9,19,1.37,12,1,2,4,0,0,4,0.29,1,0,0,3,0,0,Matches
Cameron Archer,eng ENG,FW,23-306,15.9,20,1.26,10,0,4,5,1,0,0,0.0,0,0,0,0,0,0,Matches
James Bree,eng ENG,DF,27-224,11.9,16,1.34,13,2,0,1,0,0,1,0.08,1,0,0,0,0,0,Matches
Paul Onuachu,ng NGA,FW,30-360,11.4,9,0.79,8,0,0,1,0,0,1,0.09,1,0,0,0,0,0,Matches
Nathan Wood-Gordon,eng ENG,DF,22-357,7.6,3,0.4,3,0,0,0,0,0,0,0.0,0,0,0,0,0,0,Matches
William Smallbone,ie IRL,MF,25-091,7.5,16,2.12,12,3,0,1,0,0,0,0.0,0,0,0,0,0,0,Matches
Alex McCarthy,eng ENG,GK,35-171,5.0,0,0.0,0,0,0,0,0,0,0,0.0,0,0,0,0,0,0,Matches
Welington,br BRA,"DF,MF",24-093,4.4,7,1.61,6,1,0,0,0,0,1,0.23,1,0,0,0,0,0,Matches
Adam Lallana,eng ENG,MF,37-013,4.0,9,2.24,8,0,0,0,1,0,2,0.5,2,0,0,0,0,0,Matches
Ben Brereton,cl CHI,FW,26-035,5.0,9,1.8,7,0,0,0,2,0,0,0.0,0,0,0,0,0,0,Matches
Ryan Fraser,sct SCO,"FW,DF",31-088,3.4,5,1.47,5,0,0,0,0,0,0,0.0,0,0,0,0,0,0,Matches
Ross Stewart,sct SCO,FW,28-316,3.6,4,1.13,1,0,1,2,0,0,0,0.0,0,0,0,0,0,0,Matches
Joe Lumley,eng ENG,GK,30-097,3.0,0,0.0,0,0,0,0,0,0,0,0.0,0,0,0,0,0,0,Matches
Armel Bella Kotchap,de GER,DF,23-163,3.7,2,0.54,1,0,0,0,0,1,0,0.0,0,0,0,0,0,0,Matches
Charlie Taylor,eng ENG,DF,31-247,3.0,2,0.68,2,0,0,0,0,0,1,0.34,1,0,0,0,0,0,Matches
Albert Grønbaek,dk DEN,"FW,MF",24-000,1.6,2,1.26,1,0,0,1,0,0,0,0.0,0,0,0,0,0,0,Matches
Maxwel Cornet,ci CIV,FW,28-238,0.8,0,0.0,0,0,0,0,0,0,0,0.0,0,0,0,0,0,0,Matches
Samuel Edozie,eng ENG,"DF,FW",22-115,0.7,4,5.54,3,0,0,0,1,0,0,0.0,0,0,0,0,0,0,Matches
Jay Robinson,eng ENG,"FW,MF",18-069,0.7,5,7.63,3,0,2,0,0,0,0,0.0,0,0,0,0,0,0,Matches
Samuel Amo-Ameyaw,eng ENG,"FW,DF",18-309,0.3,2,6.43,1,0,0,0,1,0,0,0.0,0,0,0,0,0,0,Matches
Ronnie Edwards,eng ENG,DF,22-056,0.1,0,0.0,0,0,0,0,0,0,0,0.0,0,0,0,0,0,0,Matches
Carlos Alcaraz,ar ARG,MF,22-174,0.1,1,9.0,1,0,0,0,0,0,0,0.0,0,0,0,0,0,0,Matches
Joachim Kayi Sanda,fr FRA,DF,18-175,0.1,0,0.0,0,0,0,0,0,0,0,0.0,0,0,0,0,0,0,Matches
Squad Total,,,26.1,37.0,604,16.32,423,55,48,44,27,7,40,1.08,23,4,3,8,1,1,
Opponent Total,,,27.1,37.0,1164,31.46,839,82,67,87,51,38,140,3.78,91,12,10,14,7,6,
